lemmatize,pos,Total_Count
data,NNS,1122
learning,VBG,545
machine,NN,460
experience,NN,357
analytics,NNS,205
scientist,NNS,169
year,NNS,135
work,NN,129
science,NN,129
deep,NN,119
model,NNS,118
analysis,NN,110
product,NN,109
build,NN,106
technique,NNS,97
research,NN,97
mining,NN,96
business,NN,94
insight,NNS,92
engineer,NNS,88
team,NN,88
statistical,JJ,82
algorithm,NN,74
engineering,NN,72
design,NN,69
applying,VBG,68
develop,VB,65
including,VBG,63
computer,NN,61
knowledge,NN,60
strong,JJ,59
modeling,VBG,59
new,JJ,57
tool,NNS,57
problem,NNS,55
expertise,NN,54
applied,VBN,53
scientist,NN,52
relevant,NN,51
using,VBG,50
working,VBG,49
system,NNS,48
statistic,NNS,47
software,NN,47
visualization,NN,46
developing,VBG,46
understanding,VBG,45
pipeline,NNS,45
building,NN,45
role,NN,44
related,JJ,44
complex,JJ,44
processing,NN,44
collaborate,NN,43
field,NN,43
large,JJ,42
clinical,JJ,41
use,NN,41
project,NN,40
development,NN,40
drive,NN,40
health,NN,40
solution,NNS,39
looking,VBG,38
team,NNS,38
closely,RB,37
apply,VB,37
provide,NN,37
industry,NN,37
technical,JJ,36
skill,NNS,36
help,NN,35
ml,NN,34
advanced,JJ,34
partner,NN,34
quantitative,NN,34
product,NNS,34
vision,NN,32
method,NNS,32
ability,NN,32
python,NN,32
scale,NN,30
identify,VB,30
operation,NNS,30
data-driven,JJ,30
degree,NN,29
predictive,NN,29
project,NNS,29
one,CD,29
source,NNS,29
solution,NN,28
engineer,NN,28
lead,NN,28
3+,CD,27
application,NNS,27
5+,CD,27
trend,NNS,27
understand,NN,26
solve,NN,26
support,NN,26
set,NNS,26
optimization,NN,26
quality,NN,25
analyze,NN,25
deliver,NN,25
hands-on,NN,24
infrastructure,NN,24
create,NN,24
sql,NN,24
ensure,VB,24
manage,NN,24
improve,VB,23
scientific,JJ,23
expert,NN,23
focus,NN,23
model,NN,23
across,IN,23
production,NN,23
implement,NN,22
subject,NN,22
various,JJ,22
marketing,NN,22
etc,NN,22
technology,NNS,22
internal,JJ,22
responsible,JJ,22
manager,NNS,21
analytical,JJ,21
operational,JJ,21
best,JJS,21
state-of-the-art,NN,20
nlp,NN,20
technology,NN,20
system,NN,20
practical,JJ,20
perform,NN,20
2+,CD,20
language,NN,20
candidate,NN,19
performance,NN,19
management,NN,19
eg,NN,19
practice,NNS,19
requirement,NNS,19
platform,NN,19
enable,JJ,19
big,JJ,19
framework,NNS,19
medical,JJ,18
phd,NN,18
strategy,NN,17
analysis,NNS,17
minimum,NN,17
evaluate,NN,17
area,NN,17
network,NNS,17
plus,CC,17
time,NN,17
within,IN,17
andor,NN,17
decision,NN,17
analyst,NNS,17
dashboard,NNS,16
impact,NN,16
-,:,16
proven,NN,16
matter,NN,16
write,NN,16
expert,NNS,16
area,NNS,16
high,JJ,16
specific,JJ,16
multiple,NN,16
actionable,JJ,16
required,VBN,16
information,NN,16
customer,NN,16
analyst,NN,16
deploy,NN,15
customer,NNS,15
based,VBN,15
natural,JJ,15
intelligence,NN,15
public,NN,15
key,NN,15
m,NN,15
extract,NN,15
contribute,NN,14
datasets,NNS,14
available,JJ,14
user,NN,14
mine,NN,14
math,NN,14
life,NN,14
training,NN,14
partner,NNS,14
tableau,NN,14
group,NN,14
providing,VBG,14
economics,NNS,13
2,CD,13
process,NN,13
company,NN,13
structure,NNS,13
regression,NN,13
study,NN,13
causal,NN,13
digital,NN,13
world,NN,13
passion,NN,13
ai,NN,13
designing,VBG,13
implementing,VBG,13
include,NN,13
programming,VBG,13
machine-learning,NN,13
make,VB,13
delivery,NN,13
used,VBN,12
neural,JJ,12
platform,NNS,12
physic,NNS,12
reinforcement,NN,12
detection,NN,12
effectively,RB,12
computational,NN,12
query,NNS,12
plan,NNS,12
end-to-end,NN,12
part,NN,12
communicate,NN,12
generation,NN,12
spark,NN,12
inference,NN,12
maintain,NN,12
risk,NN,11
service,NNS,11
concept,NNS,11
able,JJ,11
metric,NNS,11
variety,NN,11
ab,NN,11
methodology,NNS,11
pattern,NNS,11
supervised,VBN,11
c++,NN,11
familiarity,NN,11
improvement,NNS,11
large-scale,JJ,11
present,NN,11
domain,NN,11
solving,VBG,11
existing,VBG,11
via,IN,11
demonstrated,VBN,11
managing,VBG,11
mentor,NN,11
ideal,NN,11
background,NN,11
power,NN,11
novel,NN,11
leveraging,VBG,11
database,NNS,11
leverage,NN,11
feature,NNS,11
base,NN,11
like,IN,10
presentation,NN,10
report,NNS,10
analyzing,VBG,10
care,NN,10
innovative,JJ,10
script,NNS,10
reporting,NN,10
question,NNS,10
well,RB,10
set,NN,10
similar,JJ,10
environment,NN,10
4+,CD,10
unsupervised,JJ,10
scikit-learn,NN,10
also,RB,10
account,NN,10
communication,NN,10
experience,NNS,10
competitive,JJ,10
highly,RB,10
stakeholder,NNS,10
basic,JJ,10
researcher,NNS,10
critical,JJ,10
utilize,VB,10
code,NN,10
user,NNS,10
real,JJ,10
cross-functional,JJ,10
hand,NNS,10
areas:,NN,10
text,NN,10
seeking,VBG,9
client,NN,9
equivalent,NN,9
space,NN,9
massive,JJ,9
senior,JJ,9
classification,NN,9
preferred,VBN,9
mathematics,NNS,9
leadership,NN,9
collaborating,VBG,9
conduct,NN,9
efficiency,NN,9
library,NNS,9
leading,VBG,9
process,NNS,9
fellow,NN,9
find,VB,9
coding,VBG,9
cloud,NN,9
gathering,NN,9
setting,VBG,9
making,VBG,9
involved,VBN,9
ass,NN,9
opportunity,NNS,9
testing,VBG,9
machinedeep,NN,9
look,NN,9
inform,NN,9
bonus,NN,9
benefit,NNS,9
successful,JJ,9
amount,NNS,9
foundation,NN,9
implementation,NN,9
deploying,VBG,9
ideally,RB,9
position,NN,9
opportunity,NN,9
recognition,NN,8
test,NN,8
automation,NN,8
real-world,NN,8
communicating,VBG,8
experimentation,NN,8
tensorflow,NN,8
decision,NNS,8
collection,NN,8
image,NN,8
computing,VBG,8
audience,NN,8
written,VBN,8
anomaly,NN,8
answer,NN,8
application,NN,8
wide,JJ,8
pytorch,NN,8
right,NN,8
monitor,NN,8
designer,NNS,8
art,NN,8
scalable,JJ,8
series,NN,8
every,DT,8
efficient,NN,8
comprehensive,NN,8
mobile,NN,8
junior,NN,8
following,VBG,8
report,NN,8
supporting,VBG,8
value,NN,8
field,NNS,8
client,NNS,8
financial,JJ,8
effectiveness,NN,8
participate,VB,8
manager,NN,8
validation,NN,8
capability,NNS,8
performing,VBG,8
cutting-edge,NN,7
directly,RB,7
solid,JJ,7
around,IN,7
problem,NN,7
data-backed,JJ,7
owner,NNS,7
impactful,NN,7
global,JJ,7
architecture,NN,7
interest,NN,7
record,NNS,7
approach,NNS,7
next,JJ,7
full,JJ,7
u,PRP,7
case,NNS,7
two,CD,7
custom,NN,7
initiative,NNS,7
current,JJ,7
integration,NN,7
content,NN,7
5-10,JJ,7
real-time,NN,7
acquisition,NN,7
least,JJS,7
beyond,IN,7
professional,JJ,7
outcome,NNS,7
useful,JJ,7
requires,VBZ,7
accuracy,NN,7
panda,NNS,7
experiment,NNS,7
electrical,JJ,7
experienced,JJ,7
mentorship,NN,7
b,NN,7
utilizing,VBG,7
writing,VBG,7
optimize,VB,7
external,JJ,7
3,CD,7
facing,VBG,7
execution,NN,7
unstructured,JJ,7
join,NN,7
compiler,NN,7
graphic,NNS,7
leader,NN,7
coverage,NN,6
craft,NN,6
effort,NNS,6
creating,VBG,6
sale,NNS,6
dive,NN,6
core,NN,6
recommendation,NN,6
dynamic,JJ,6
serve,NN,6
see,VB,6
ready,JJ,6
representation,NN,6
workflow,NN,6
security,NN,6
degree,NNS,6
electronic,JJ,6
result,NNS,6
institute,NN,6
range,NN,6
passionate,NN,6
task,NNS,6
bi,NN,6
handling,VBG,6
brand,NN,6
graph,NN,6
bring,NN,6
c,NN,6
heuristic,NNS,6
r,NN,6
funnel,NNS,6
fraud,NN,6
structured,VBN,6
primary,NN,6
law,NNS,6
behavioral,JJ,6
us,NNS,6
feature,NN,6
increase,NN,6
tree,NNS,6
need,NN,6
need,NNS,6
translate,NN,6
transform,NN,6
industrial,JJ,6
object-oriented,JJ,6
bachelor's,NN,6
includes,VBZ,6
artificial,JJ,6
top,NN,6
issue,NNS,6
image,NNS,6
bachelor,NN,6
privacy,NN,6
action,NN,6
academic,JJ,6
commercial,JJ,6
explore,NN,6
staff,NN,6
evaluation,NN,6
collaboration,NN,6
protection,NN,6
combine,NN,6
exposure,NN,6
someone,NN,6
excellent,NN,6
we’re,NN,6
mathematical,JJ,6
consulting,VBG,6
quickly,RB,6
extensive,JJ,6
different,JJ,5
exceptional,JJ,5
develops,NNS,5
overall,JJ,5
hireart,NN,5
recommend,NN,5
human,NN,5
journey,NNS,5
ecosystem,NNS,5
online,NN,5
level,NN,5
empirical,JJ,5
improvement,NN,5
high-performance,NN,5
objective,NNS,5
prototyping,VBG,5
provides,VBZ,5
industry,NNS,5
interact,NN,5
multi-disciplinary,JJ,5
robotics,NNS,5
read,NN,5
robust,NN,5
direct,JJ,5
expected,VBN,5
expand,NN,5
paid,NN,5
problems;,NN,5
regarding,VBG,5
measurement,NN,5
flexible,JJ,5
preferably,RB,5
member,NNS,5
prediction,NN,5
reliable,JJ,5
measure,NN,5
pm,NN,5
planning,NN,5
methodology,NN,5
fundamental,NNS,5
meaningful,NN,5
personalization,NN,5
personal,JJ,5
recommendation,NNS,5
dental,NN,5
diverse,NN,5
given,VBN,5
goal,NNS,5
good,JJ,5
pattern,NN,5
learningdata,NN,5
grow,NN,5
learningdeep,NN,5
experimental,NN,5
medium,NNS,5
helping,VBG,5
physician,NNS,5
maintaining,VBG,5
role,NNS,5
accurately,RB,5
verbal,NN,5
batch,NN,5
active,JJ,5
tech,NN,5
acquire,VB,5
clustering,VBG,5
better,RBR,5
cleaning,NN,5
talented,VBN,5
want,NN,5
statement,NNS,5
waveform,NNS,5
statistically,RB,5
way,NNS,5
commerce,NN,5
source,NN,5
component,NNS,5
airflow,NN,5
aspect,NNS,5
toyota,NN,5
traditional,JJ,5
train,NN,5
architect,NN,5
apps,NN,5
consumer,NNS,5
uncover,NN,5
shape,NN,5
turn,NN,5
covid-19,NN,5
apis,NN,5
service,NN,5
web,NN,5
tri,NN,5
statisticalmachine,NN,5
7+,CD,5
chain,NN,5
candidate,NNS,5
bringing,VBG,5
broad,JJ,5
salary,NN,5
stock,NN,5
numerical,JJ,4
simulation,NN,4
future,NN,4
track,NN,4
especially,RB,4
game,NN,4
conclusion,NNS,4
physical,JJ,4
sofrware,NN,4
constant,JJ,4
etl,NN,4
european,JJ,4
position,NNS,4
softwarehardware,NN,4
concert,NN,4
conceptualization,NN,4
forum,NN,4
influence,NN,4
query,NN,4
applicable,JJ,4
capture,NN,4
innovation,NNS,4
translation,NN,4
rd,NN,4
capacity,NN,4
neuroscientist,NNS,4
full-time,NN,4
applicant,NNS,4
enhance,NN,4
playing,VBG,4
function,NN,4
continuous,JJ,4
engagement,NN,4
functional,JJ,4
propose,NN,4
center,NN,4
together,RB,4
progress,NN,4
promote,NN,4
forecasting,NN,4
channel,NNS,4
state,NN,4
performs,NNS,4
high-dimensional,JJ,4
state,NNS,4
five,CD,4
business,NNS,4
stellar,NN,4
broader,NN,4
hardware,NN,4
previous,JJ,4
talent,NN,4
bioinformatics,NNS,4
both,DT,4
biological,JJ,4
finance,NN,4
tackle,NN,4
collaborates,NNS,4
hiring,VBG,4
and,CC,4
specification,NNS,4
prioritize,NN,4
exciting,VBG,4
identifying,VBG,4
theory,NN,4
community,NN,4
expereince,NN,4
hypothesis,NN,4
commission,NN,4
organization,NNS,4
strategically,RB,4
spectrum,NN,4
order,NN,4
organization,NN,4
practice,NN,4
stack,NN,4
stage,NN,4
collect,NN,4
individual,JJ,4
microsoft,NN,4
union,NN,4
nav,NN,4
might,MD,4
million,NNS,4
lab,NN,4
scrna-seq,NN,4
documentation,NN,4
kpis,NN,4
adequate,NN,4
domain,NNS,4
rely,RB,4
draw,NN,4
keep,VB,4
reliability,NN,4
aiml,NN,4
mlops,NNS,4
relationship,NNS,4
culture,NN,4
regulation,NNS,4
united,JJ,4
additional,JJ,4
latest,JJS,4
member,NN,4
desire,NN,4
running,VBG,4
–,NN,4
salesforcecom,NN,4
30%,CD,4
4,CD,4
rigorous,JJ,4
descriptive,NN,4
manipulation,NN,4
literature,NN,4
discretionary,JJ,4
define,NN,4
determined,VBN,4
retain,NN,4
lifecycle,NN,4
librariesnumpy,NN,4
decision-making,NN,4
leader,NNS,4
view,NNS,4
iterating,VBG,4
play,NN,4
creative,JJ,4
underlying,VBG,4
record,NN,4
modern,JJ,4
analytic,JJ,4
interpretation,NN,4
cross-functionally,RB,4
multi-threading,NN,4
edge,NN,4
recruit,NN,4
integrate,NN,4
cover,NN,4
cs,NN,4
trial,NN,4
multi-dimensional,JJ,4
guide,NN,3
way,NN,3
master's,NN,3
matplotlib,NN,3
line,NN,3
approach,NN,3
participation,NN,3
match,NN,3
level,NNS,3
graduate,NN,3
breadth,NN,3
70%,CD,3
tabulation,NN,3
leverage,NNS,3
tab,NN,3
table,NNS,3
partnership,NN,3
growth,NN,3
master,NNS,3
ability,NNS,3
with,IN,3
guidance,NN,3
interaction,NNS,3
partnering,VBG,3
often,RB,3
build,NNS,3
innovations;,NN,3
gather,NN,3
401k,CD,3
work,NNS,3
insurance,NN,3
campus,NN,3
must,MD,3
3-5,JJ,3
volunteer,NN,3
workload,NNS,3
xgboost,NN,3
innovator,NNS,3
1+,CD,3
successfully,RB,3
insight,NN,3
campaign,NN,3
gathering;,NN,3
supervision,NN,3
many,JJ,3
marketer,NNS,3
5,CD,3
supply,NN,3
support,NNS,3
cadence,NN,3
sure,NN,3
app,NN,3
genomics,NNS,3
geospatial,NN,3
marketplace,NN,3
survival,NN,3
sustainable,JJ,3
listing,NNS,3
vulnerability,NNS,3
behavior,NNS,3
volume,NNS,3
incorporate,NN,3
thorough,NN,3
alongside,RB,3
open,JJ,3
valuable,JJ,3
ig,NN,3
independently,RB,3
authenticity;,NN,3
investigate,NN,3
threat,NNS,3
advertisers;,NN,3
imaging,VBG,3
mission,NN,3
numpy,NN,3
journey,NN,3
tool,NN,3
car,NNS,3
arising,VBG,3
assist,NN,3
investigator,NNS,3
array,NN,3
j,NN,3
tracking,VBG,3
as-a-service,NN,3
implication,NNS,3
offer,NN,3
offering,NNS,3
involving,VBG,3
improved,VBN,3
asir,NN,3
along,IN,3
automate,NN,3
tfl,NN,3
healthcare,NN,3
temporarily,RB,3
best-in-class,NN,3
improving,VBG,3
behavior,NN,3
achieve,NN,3
appropriate,NN,3
visualization,NNS,3
hidden,NN,3
bayesian,NN,3
acquires,NNS,3
high-impact,NN,3
ambiguous,JJ,3
high-quality,NN,3
backend,NN,3
meet,NN,3
hire,NN,3
autonomous,JJ,3
tend,NN,3
hive,NN,3
video,NN,3
adam,NN,3
architecting,VBG,3
numeric,JJ,3
optional,JJ,3
html,NN,3
terabyte,NN,3
architecture;,NN,3
individual’s,NN,3
individual,NNS,3
adjustment,NNS,3
textual,JJ,3
necessary,JJ,3
function,NNS,3
success,NN,3
corporate,JJ,3
shop,NN,3
share,NN,3
end,NN,3
ranking,VBG,3
enables,NNS,3
contribution,NNS,3
control,NN,3
employer,NN,3
employee,NN,3
receives,NNS,3
colleague,NNS,3
elevate,NN,3
semi-structured,JJ,3
self-motivated,JJ,3
creator,NNS,3
credit,NN,3
cross,NN,3
educational,JJ,3
economist,NNS,3
econometrics,NNS,3
signal,NN,3
consultant,NN,3
enjoy,NN,3
quantcast,NN,3
experiment,NN,3
spatial,JJ,3
program,NN,3
execute,NN,3
sourcing,VBG,3
solution-oriented,JJ,3
prospect,NNS,3
protect,NN,3
evaluating,VBG,3
prototype,NNS,3
esg,NN,3
sme,NN,3
provider,NN,3
skilled,VBN,3
skill,NN,3
size,NN,3
entire,JJ,3
enterprise,NN,3
consists,NNS,3
ecommerce,NN,3
secure,NN,3
regional,JJ,3
direction,NN,3
dig,NN,3
science,NNS,3
diagnostics,NNS,3
diagnose,NN,3
decisioning,VBG,3
schedule,NNS,3
deep-dive,JJ,3
scaling,VBG,3
retrieval,NN,3
reveal,NN,3
review,NN,3
detect,NN,3
desired,VBN,3
defining,VBG,3
design,NNS,3
definition,NN,3
delivering,VBG,3
demanding,VBG,3
dependent,NNS,3
responsibility,NN,3
discipline,NN,3
csr,NN,3
researching,VBG,3
regression-based,JJ,3
curate,NN,3
due,JJ,3
curating,VBG,3
driving,VBG,3
curiosity,NN,3
dotted,VBN,3
sdtmanalysis,NN,3
sdoh,NN,3
d,NN,3
scoping,VBG,3
scipy,NN,3
distributed,VBN,3
date,NN,3
disparate,NN,3
day,NN,3
research:,NN,3
researcher,NN,3
day-to-day,NN,3
exploratory,NN,3
restful,NN,3
prior,RB,3
feedback,NN,3
start,NN,3
figure,NNS,3
store,NNS,3
coaching,VBG,3
policy,NN,3
extraction,NN,3
classifier,NNS,3
eye,NN,3
procure,NN,3
state-of-art,NN,3
ffn,NN,3
structure,NN,3
potential,JJ,3
storage,NN,3
predominately,RB,3
strategy,NNS,3
strategic,JJ,3
procedure,NNS,3
proactive,NN,3
change,NNS,3
clinicalhealth,NN,3
clinician,NNS,3
familiar,JJ,3
close,RB,3
champion,NN,3
family,NN,3
file,NNS,3
following:,NN,3
study,NNS,3
framework,NN,3
price,NN,3
primarily,RB,3
finding,NNS,3
standard,NN,3
cicd,NN,3
class,NN,3
preparation,NN,3
photo,NNS,2
university,NN,2
video,NNS,2
period,NNS,2
per,IN,2
mlai,NN,2
people,NNS,2
mindset,NN,2
pragmatic,JJ,2
mllib,NN,2
view,NN,2
relevance,NN,2
perspective,NN,2
step-change,NN,2
section,NN,2
requiring,VBG,2
usage,NN,2
varying,VBG,2
utilization,NN,2
search,NN,2
minimize,VB,2
venue,NNS,2
sciencemarketing,VBG,2
person,NN,2
methodological,JJ,2
scientists',NN,2
sw,NN,2
verification,NN,2
secondary,JJ,2
verify,NN,2
validating,VBG,2
synthesize,VB,2
prep,NN,2
prescient,NN,2
productionizing,VBG,2
voice,NN,2
resource,NN,2
pivotal,NN,2
run,VB,2
review,NNS,2
rhombus',NN,2
plotly,RB,2
saving,NNS,2
marketer,NN,2
rich,JJ,2
manipulation,NNS,2
pitai,NN,2
subsystem,NNS,2
sanction,NNS,2
workflow,NNS,2
mastery,NN,2
risk,NNS,2
workforce,NN,2
roadmap,NN,2
malicious,JJ,2
robinhood's,NN,2
wrangling,VBG,2
robot,NNS,2
year,NN,2
succeed,VB,2
yield,NN,2
planner,NN,2
subject-matter,NN,2
"such""",NN,2
sciencemachine,NN,2
responsive,NN,2
visualize,NN,2
measurementvalidation,NN,2
peer,NN,2
powering,VBG,2
sciencedata,NNS,2
resource,NNS,2
may,MD,2
scienceai,NN,2
maximize,VB,2
walking,VBG,2
matplotlibseaborn,NN,2
popular,JJ,2
point,NNS,2
summarization,NN,2
rest,NN,2
major,JJ,2
restrict,NN,2
pioneer,NN,2
week,NN,2
will: ,NN,2
pipeline,NN,2
scenario,NNS,2
retail,JJ,2
material,NNS,2
synthesizing,VBG,2
reddit,NN,2
pay,NN,2
presenting,VBG,2
telemetry,NN,2
package,NN,2
sound,NN,2
projects:,NN,2
onnx,NN,2
time-series,NNS,2
package,NNS,2
startup,NN,2
toolkits,NNS,2
topic,NN,2
prototype,NN,2
ongoing,VBG,2
produce,NN,2
socialcontent,NN,2
social,JJ,2
snowflake,NN,2
on! ,NN,2
state-of-the,NN,2
off,IN,2
of:,NN,2
taxonomy,NN,2
sitting,VBG,2
publication,NNS,2
programmer,NNS,2
programmatic,JJ,2
operation,NN,2
option,NNS,2
others,NNS,2
organize,VB,2
productionize,NN,2
organizational,JJ,2
professional,NNS,2
sport,NNS,2
profile!,NN,2
oral,JJ,2
or,CC,2
spin-up,NN,2
prognostic,NNS,2
thing,NNS,2
optimizing,VBG,2
test,NNS,2
specifically,RB,2
specialist,NNS,2
optimal,JJ,2
"teller""""",NN,2
standing,VBG,2
theoretical,JJ,2
program,NNS,2
spanning,VBG,2
publicly,RB,2
published,VBN,2
object,NN,2
seeing,VBG,2
recognize,VB,2
myriad,NN,2
semantic,JJ,2
multitude,NN,2
principle,NNS,2
segmentation,NN,2
type,NNS,2
uavs,NN,2
systemsinfrastructureservices,NNS,2
seek,NN,2
stay,NN,2
sensing,VBG,2
move,NN,2
motivated,VBN,2
otherwise,RB,2
understandable,JJ,2
module,NNS,2
modernization,NN,2
moderate,NN,2
refine,NN,2
regard,NNS,2
unified,JJ,2
send,NN,2
tree,NN,2
traffic,NN,2
noise,NN,2
siri!,NN,2
qa,NN,2
paper,NNS,2
qualification,NN,2
simplifying,VBG,2
parental,NN,2
player,NN,2
number,NNS,2
part,NNS,2
question,NN,2
sidebusiness,NN,2
sensor,NN,2
side,NN,2
transaction,NN,2
statistic,JJ,2
private,JJ,2
take,VB,2
rapid,JJ,2
serving,VBG,2
transparently,RB,2
transportation,NN,2
stats,NNS,2
trained,VBN,2
"""""story",NN,2
determine,NN,2
easy,JJ,2
consensus;,NN,2
e-commerce,NN,2
freedom,NN,2
bachelor’s,NN,2
early-stage,NN,2
friendfinder,NN,2
increased,VBN,2
babs,NN,2
clear,JJ,2
include:,NN,2
amazing,VBG,2
ebay,NN,2
epidemiology,NN,2
inc,NN,2
in-house,NN,2
in-depth,NN,2
amgen’s,NN,2
awareness,NN,2
fundamental,JJ,2
availability,NN,2
cluster,NN,2
impacting,VBG,2
clusteringsegmentation,NN,2
concrete,NN,2
duration,NN,2
driven,NN,2
domains:,NN,2
dolby’s,NN,2
consumer,NN,2
adobe’s,NN,2
intellectual,JJ,2
adopt,NN,2
integrity,NN,2
consultingdata,NNS,2
discover,NN,2
grade,NN,2
beginning,VBG,2
instacart,NN,2
advocate,NN,2
insights;,NN,2
affords,NNS,2
agency,NN,2
distribution,NN,2
exceed,NN,2
aggregation,NN,2
agile,NN,2
initial,JJ,2
battery,NN,2
example,NNS,2
document,NN,2
classical,JJ,2
equity,NN,2
general,JJ,2
contain,NN,2
common,JJ,2
cohesively,RB,2
entity,NN,2
compensation,NN,2
empowers,NNS,2
higher,JJR,2
geometry,NN,2
collaborative,NN,2
collaboratively,RB,2
engaging,VBG,2
github,NN,2
assessment,NN,2
collected,VBN,2
either,DT,2
comfortable,JJ,2
goal,NN,2
associated,VBN,2
enhancing,VBG,2
hard,JJ,2
come,VB,2
hadoopspark,NN,2
governance,NN,2
growing,VBG,2
ensemble,JJ,2
combination,NN,2
historical,JJ,2
history,NN,2
genomicsproteomic,NN,2
appreciate,NN,2
comprehension,NN,2
ideation,NN,2
complies,NNS,2
idea,NNS,2
analytically,RB,2
embedded,VBN,2
analytics-relevant,JJ,2
automating,VBG,2
iaa,NN,2
complexity,NN,2
codebase,NN,2
anomaly,NNS,2
enview,NN,2
cognitive,NN,2
generate,NN,2
hsa,NN,2
answering,VBG,2
employee,NNS,2
entrepreneurial,JJ,2
hours:,NN,2
hour,NNS,2
homebase,NN,2
generous,JJ,2
adobe,NN,2
discovery,NN,2
academicwork,NN,2
creation,NN,2
leave,VB,2
fix,NNS,2
certification,NN,2
extracting,VBG,2
bytedance,NN,2
covering,VBG,2
fluency,NN,2
learning-based,JJ,2
extended,VBN,2
learn,NN,2
export,NN,2
exploring,VBG,2
a,IN,2
layout,NN,2
deployment,NN,2
launch,NN,2
cost,NN,2
form,NN,2
derive,NN,2
correlation,NN,2
access,NN,2
"""be",NN,2
language,NNS,2
lending,NN,2
6+,CD,2
lake,NN,2
caffe2,NN,2
made,VBN,2
data-mining,NN,2
finding,VBG,2
decade,NNS,2
long-term,JJ,2
causality,NN,2
daas,NN,2
cyber,NN,2
deeper,NN,2
cutting,VBG,2
10-15,JJ,2
12-week,JJ,2
loading,VBG,2
fast,NN,2
finish:,NN,2
defined,VBN,2
customer-facing,NN,2
familarity,NN,2
3d,CD,2
cruise,NN,2
linear,NN,2
cross-team,NN,2
limited,JJ,2
landscape,NN,2
ensuring,VBG,2
focus,NNS,2
act,NN,2
context,NN,2
biologist,NNS,2
big-data,NN,2
junior-level,NN,2
bidder,NN,2
intersection,NN,2
acquired,VBN,2
intuitive,JJ,2
addition,NN,2
job,NN,2
developer,NNS,2
experimentation ,NN,2
invent,NN,2
inventory,NN,2
experiencing,VBG,2
devops,NNS,2
dialog,NN,2
detection;,NN,2
ad,NNS,2
internet,NN,2
address,NN,2
challenge,NNS,2
dimension,NN,2
biostatistics,NNS,2
accuracy,NNS,2
interpret,NN,2
accurate,NN,2
designed,VBN,2
changing,VBG,2
jupyter,NN,2
focused,VBN,2
ssd,NN,1
claim,NNS,1
stewardship,NN,1
case,NN,1
substantial,JJ,1
choice,NNS,1
ci,NN,1
chronic,NN,1
cash,NN,1
collecting,VBG,1
stage,NNS,1
cell,NN,1
standard,NNS,1
cause,NN,1
stakeholder,NN,1
century,NN,1
cohort,NN,1
cleanse,NN,1
cfda,NN,1
closely-related,JJ,1
stream,NN,1
stream,NNS,1
cloud-based,JJ,1
clearly,RB,1
challenging,VBG,1
cleansing,VBG,1
streamline,NN,1
strain,NN,1
checkout,NN,1
clean,NN,1
student,NN,1
streamlined,VBN,1
statistician,NN,1
statistics;,NN,1
stress,NN,1
status,NN,1
starting,VBG,1
cerebras,NNS,1
store,NN,1
clickstream,NN,1
chemistry,NN,1
centered,VBN,1
stochastic,JJ,1
sociology,NN,1
combine,NNS,1
sensitive,JJ,1
seq2seq,NN,1
serf,NNS,1
coordinate,NNS,1
coordinate,NN,1
server,NNS,1
cool,NN,1
convolutional,NN,1
servicenow,NN,1
services!,NN,1
controlled,VBN,1
contributing,VBG,1
contracted,VBN,1
sets:,NN,1
contract,NN,1
setup,NN,1
several,JJ,1
continuously,RB,1
sharethis,NN,1
sharp,JJ,1
shipping,NN,1
side-by-side,NN,1
consultant,NNS,1
significant,JJ,1
sentiment,NN,1
sensei,NN,1
spreadsheet,NNS,1
senioritywho,NN,1
data-based,JJ,1
scientistsbioinformaticians,NNS,1
dashboarding,VBG,1
scikit-learnor,NN,1
dashboard,NN,1
scrappy,JJ,1
cv,NN,1
customize,NN,1
seamless,NN,1
customers’,NN,1
cultural,JJ,1
csceee,NN,1
criminal,JJ,1
crime,NNS,1
creatively,RB,1
selection,NN,1
self-driven,JJ,1
self-managed,JJ,1
created,VBN,1
self-serve,NN,1
coursework,NN,1
counseling,VBG,1
cost,NNS,1
significantly,RB,1
construction,NN,1
consolidate,NN,1
consistent,NN,1
completion,NN,1
sophisticated,JJ,1
completeness,NN,1
complete,JJ,1
complement,NN,1
sources:,NN,1
sources;,NN,1
competitors',NN,1
competent,NN,1
space,NNS,1
company's,NN,1
spark;,NN,1
company,NNS,1
specialist,NN,1
community,NNS,1
specializing,VBG,1
communities',NN,1
communicator,NN,1
specified,VBN,1
spend,NN,1
sphere,RB,1
spirit,NN,1
combing,VBG,1
complicated,VBN,1
concept,NN,1
conceptual,JJ,1
skills;,NN,1
simulation,NNS,1
simultaneously,RB,1
simultaneously;,NN,1
consistency,NN,1
sisu,NN,1
sit,NN,1
consider,VB,1
conscientious,JJ,1
connected,VBN,1
connect,NN,1
skillset;,NN,1
concisely,RB,1
slot,NN,1
smart,NN,1
configuration,NN,1
snap,NN,1
snap’s,NN,1
confidence,NN,1
conference,NNS,1
conducting,VBG,1
carry,NN,1
condition,NN,1
carrying,VBG,1
technically,RB,1
carpartscom,NN,1
adobeomniture,NN,1
ups,NNS,1
agreement,NN,1
usability,NN,1
use-cases,NNS,1
agency,NNS,1
affinity,NN,1
utility,NNS,1
advertising,NN,1
advance,NNS,1
advance,NN,1
validate,NN,1
adoption,NN,1
varied,NNS,1
visualization;,NN,1
administration,NN,1
adept,NN,1
vendor,NNS,1
veradigm,NN,1
additionally,RB,1
adapt,NN,1
ad-hoc,NN,1
acumen,NNS,1
actuary,NNS,1
actively,RB,1
virtual,JJ,1
visible,JJ,1
upcoming,VBG,1
up-to-date,JJ,1
unusual,JJ,1
ai-driven,JJ,1
types:,NN,1
typically,RB,1
among:,NN,1
aml,NN,1
uc,NN,1
ultimate,JJ,1
uncovers,NNS,1
ambiguity,NN,1
underpinning,VBG,1
alternate,NN,1
allow,VB,1
understands,NNS,1
unexpected,JJ,1
all,DT,1
unify,NN,1
align,NN,1
unique,NN,1
uniquely,RB,1
unit,NN,1
algebra,NN,1
aimed,VBN,1
unlimited,JJ,1
unlocking,VBG,1
unrelenting,VBG,1
ai-powered,JJ,1
acting,VBG,1
visualizationdashboards,NNS,1
analysis;,NN,1
15+,CD,1
willingness,NN,1
8+,CD,1
within-budget,NN,1
5g,CD,1
40,CD,1
worked,VBN,1
360-degree,JJ,1
3-6,JJ,1
247,CD,1
21st,CD,1
2+years,NNS,1
1st,CD,1
xfn,NN,1
acl,NN,1
10,CD,1
1-5,JJ,1
1,CD,1
years’,NN,1
yes,NNS,1
+,NN,1
yolo,NN,1
you’ve,NN,1
yr,NN,1
zest,NN,1
*,NN,1
“story”,NN,1
willing,JJ,1
8-10,JJ,1
wider,NN,1
wide-selection,NN,1
visualizing,VBG,1
vital,NN,1
vocabulary,NNS,1
achieving,VBG,1
volume,NN,1
vp,NN,1
accountable,JJ,1
accomplished,VBN,1
accessibility,NN,1
warehouse,NN,1
warehouse,NNS,1
accelerated,VBN,1
accelerate,NN,1
waymo,NN,1
wearable,JJ,1
weblog,NN,1
abstract,NN,1
welfare,NN,1
well-defined,JJ,1
wet-lab,NN,1
[bonus],NN,1
whenever,NN,1
wherever,NN,1
whole,JJ,1
:,:,1
type:,NN,1
analysisdata,NNS,1
capable,JJ,1
bag,NN,1
task,NN,1
beta,NN,1
berkeley,NN,1
teach:,NN,1
benchling’s,NN,1
team's,NN,1
teams',NN,1
team’s,NN,1
becoming,VBG,1
scientificengineering,VBG,1
banking,NN,1
balance,NN,1
backendserver,NN,1
them,PRP,1
tell,NN,1
backed,VBD,1
tensor,NN,1
ba,NN,1
tensorflowpytorch,NN,1
b2c,NN,1
tesla’s,NN,1
test*,NN,1
av,NN,1
autopilot,NN,1
text-based,JJ,1
autonomously,RB,1
targeting,VBG,1
target,NN,1
tackling,VBG,1
biology,NN,1
such,JJ,1
cancer,NN,1
suggest,NN,1
suit,NN,1
campaign,NNS,1
superset,NN,1
calling,VBG,1
call,NN,1
supplemental,NN,1
california,NN,1
caffe,NN,1
ca,MD,1
c++python,NN,1
surveillance,NN,1
buy,VB,1
business-relevant,NN,1
business-changing,NN,1
broadly,RB,1
bridge,NN,1
boosting,VBG,1
system-level,NN,1
blue,NN,1
blend,NN,1
biotech,NN,1
biosignal,NN,1
theanos,NNS,1
automatic,JJ,1
turn,NNS,1
apple,NN,1
torch,NN,1
tough,JJ,1
towards,NNS,1
asml,NN,1
as:,NN,1
articulate,NN,1
arrangement,NNS,1
argument,NNS,1
are,VBP,1
architecture,NNS,1
aptitude,NN,1
transfer,NN,1
transformation,NN,1
automated,VBN,1
transformation,NNS,1
translates,NNS,1
translating,VBG,1
another,DT,1
anomalous,JJ,1
analyticsbi,NN,1
analytics:,NN,1
analyticallynumerically,RB,1
trial,NNS,1
tt,NN,1
tuning,VBG,1
analystics,NNS,1
topography,NN,1
ass,NNS,1
top-notch,NN,1
toolstechniques,NNS,1
theory,NNS,1
therapy,NN,1
therefore,RB,1
thermal,NN,1
autodesk's,NN,1
think,NN,1
third,JJ,1
this,DT,1
authorization,NN,1
augmented,VBN,1
thredup,NN,1
thrives,NNS,1
throughout,IN,1
tight-knit,NN,1
tiktok,NN,1
tiktok's,NN,1
auditing,VBG,1
audio,NN,1
to,TO,1
to:,NN,1
attribution,NN,1
associateintermediate,NN,1
tooling,VBG,1
assisting,VBG,1
tools;,NN,1
data:,NN,1
maintenance,NN,1
data;,NN,1
houzz,NN,1
operationalize,VB,1
ic,NN,1
ibm,NN,1
optical,JJ,1
hypothesis,NNS,1
humanity’s,NN,1
optimized,VBN,1
human,NNS,1
optimum,NN,1
huge,JJ,1
hr,NN,1
oracle,NN,1
orchestration,NN,1
heshe,NN,1
holistic,JJ,1
history,NNS,1
organized,VBN,1
our,PRP$,1
highly-scalable,JJ,1
outside,IN,1
outstanding,JJ,1
highlight,NN,1
oversee,NN,1
ownership,NN,1
pac,NN,1
high-volume,NN,1
operation;,NN,1
identifies,NNS,1
operating,NN,1
operate,NN,1
notebook,NNS,1
infer,NN,1
nuance,NNS,1
industry;,NN,1
industry-leading,NN,1
indexing,VBG,1
nurse,NNS,1
income,NN,1
includes:,NN,1
objective,NN,1
obtain,VB,1
obtaining,VBG,1
occasional,JJ,1
incentive,NNS,1
offsite,NN,1
in,IN,1
imputation,NN,1
on-target,NN,1
on-time,NN,1
important,JJ,1
importance,NN,1
imitation,NN,1
identity-related,JJ,1
open-minded,JJ,1
open-source,NN,1
high-performing,NN,1
pain,NN,1
formulate,NN,1
plan,NN,1
petabyte,NN,1
pharmaceutical,JJ,1
phase,NNS,1
generalizable,JJ,1
gene,NN,1
gaming,VBG,1
gained,VBN,1
pilot,NN,1
gain,NN,1
fusion,NN,1
full-stack,NN,1
fuel,NN,1
frontendmachine,NN,1
helpful,NN,1
frontend,NN,1
front-end,NN,1
from,IN,1
freight's,NN,1
player,NNS,1
frame,NN,1
plenty,NN,1
foundational,JJ,1
foster,NN,1
forward-thinking,NN,1
pod,NNS,1
point,NN,1
personalize,NN,1
generation,NNS,1
persistent,NN,1
permanente,NN,1
healthier,NN,1
paradigm,NN,1
hbo,NN,1
have,VB,1
hardworking,VBG,1
hardest,NN,1
participating,VBG,1
particular,JJ,1
hand-in-hand,NN,1
gsk,NN,1
partnership:,NN,1
party,NN,1
graphical,JJ,1
gradient,NN,1
patient,NNS,1
gpa,NN,1
government,NN,1
peer,NNS,1
globe,NN,1
perception,NN,1
git,NN,1
ggplot2,NN,1
get,VB,1
perishable,JJ,1
permanent,NN,1
notebook,NN,1
nose,RB,1
nontechnical,JJ,1
medicare,NN,1
lie,NNS,1
learningnlp,NN,1
mattertechnical,JJ,1
maturity,NN,1
max,NN,1
learninginformation,NN,1
learningbig,NN,1
learning;,NN,1
measurable,JJ,1
measure,NNS,1
leaning,VBG,1
lead,NNS,1
law,NN,1
non-technical,JJ,1
later,RB,1
memory,NN,1
mental,NN,1
latency,NN,1
mentoring,VBG,1
lark,NN,1
messy,NN,1
metadata,NNS,1
metric,JJ,1
labeling,VBG,1
microarchitecture,NN,1
labeled,VBN,1
life-cycle,NN,1
lighting-fast,NN,1
likely,JJ,1
matching,VBG,1
maker,NNS,1
lstm,NN,1
low,JJ,1
love,NN,1
looker,NN,1
long-range,NN,1
logistic,JJ,1
mandatory,NN,1
manipulating,VBG,1
logging,VBG,1
location,NNS,1
manner,NN,1
location,NN,1
mapping,NN,1
market-facing,NN,1
llc,NN,1
live,JJ,1
litigation,NN,1
marketplace,NNS,1
mash,NN,1
listening,VBG,1
master,NN,1
linking,VBG,1
linkage,NNS,1
master’s,NN,1
label,NN,1
lab,NNS,1
kpi,NN,1
multi-functional,JJ,1
multi-team,NN,1
multidisciplinary,NN,1
integrates,NNS,1
instrument,NN,1
institution,NN,1
nai¨ve,NN,1
national,JJ,1
installed,VBN,1
navy,NNS,1
inspire,NN,1
input,NN,1
needed,VBN,1
needspainpoints,NNS,1
network,NN,1
initiative,NN,1
networking,NN,1
neuroradiologists,NNS,1
ingestion,NN,1
informative,JJ,1
inform:,NN,1
next-generation,NN,1
niche,NN,1
influencing,VBG,1
nlu,NN,1
inference,NNS,1
multi-talented,JJ,1
intensive,JJ,1
knowledge;,NN,1
interactive,JJ,1
know,VB,1
kaiser,NN,1
miningdata,NNS,1
miningtext,NN,1
missing,VBG,1
jupiter,NN,1
mixture,NN,1
mlaas,NN,1
journal,NNS,1
mldl,NN,1
job,NNS,1
javascript,NN,1
iteration,NN,1
invite,NN,1
modelingmachine,NN,1
modelling,VBG,1
models;,NN,1
modernizationintelligent,NN,1
modularity,NN,1
interrogate,NN,1
interprets,NNS,1
monitor,NNS,1
monitoring,NN,1
movement,NNS,1
moving,VBG,1
formulation,NN,1
formal,JJ,1
database,NN,1
dsp,NN,1
refinement,NNS,1
easy-to-use,NN,1
registry,NNS,1
easily-understood,NN,1
easily,RB,1
regularly,RB,1
regulated,VBN,1
regulatory,JJ,1
ear,NN,1
relates,NNS,1
relational,NN,1
duty,NN,1
dry-lab,NN,1
respect,NN,1
dojo,NN,1
document,NNS,1
reproducible,JJ,1
require,NN,1
dive,NNS,1
disruptive,NN,1
display,NNS,1
disorder,NN,1
disease,NN,1
discipline,NNS,1
resnet,NN,1
director,NN,1
ecg,NN,1
reduce,VB,1
redefine,NN,1
ecosystem,NN,1
end:,NN,1
enabling,VBG,1
rapidly,RB,1
rate,NN,1
rationality,NN,1
raven,NN,1
raw,NN,1
rcnn,NN,1
empowered,VBN,1
employment,NN,1
employ,NN,1
empathy,NN,1
emerging,VBG,1
reality,NN,1
reasoning,VBG,1
receive,NN,1
emergent,NN,1
embed,NN,1
elegant,NN,1
effort,NN,1
recommendations;,NN,1
recommends,NNS,1
efficiently,RB,1
effective,JJ,1
education,NN,1
dimensional,NN,1
response,NN,1
populate,NN,1
samsung,NN,1
rtl,NN,1
rule,NN,1
densenet,NN,1
run-time,NN,1
demonstration,NN,1
sada,NN,1
safe,JJ,1
safety,NN,1
demonstrating,VBG,1
demonstrable,JJ,1
delivers,NNS,1
sampling,VBG,1
deliverable,NNS,1
dictating,VBG,1
deferring,VBG,1
defect,NN,1
deeply,NN,1
scene,NN,1
schedule,NN,1
dedicated,VBN,1
scheduling,VBG,1
decode,NN,1
decision-makers,NNS,1
scienceanalytics,NNS,1
debate,NN,1
deal,NN,1
rpython,NN,1
routine,NNS,1
root,NN,1
density,NN,1
di,NN,1
devices;,NN,1
development,NNS,1
results;,NN,1
developed,NN,1
deterministic,JJ,1
retrieve,NN,1
major,NNS,1
detailed,JJ,1
reward,NNS,1
detail-oriented,JJ,1
description:,NN,1
describe,NN,1
desc,NN,1
deriving,VBG,1
river,NN,1
rl,NN,1
rma,NN,1
rnd,NN,1
rnns,NN,1
deploys,NNS,1
robot,NN,1
deployingmanaging,VBG,1
dependable,JJ,1
department,NN,1
engagement,NNS,1
engineer:,NN,1
engineerdeveloper,NN,1
filtering,VBG,1
prepare,NN,1
fit,NN,1
first-party,NN,1
present,NNS,1
first,RB,1
presentation,NNS,1
pressing,VBG,1
finish,NN,1
previously,RB,1
findingsactionable,JJ,1
pricing,NN,1
final,JJ,1
fields:,NN,1
querying,VBG,1
prioritization,NN,1
fieldlevel,NN,1
priority,NNS,1
fermentation,NN,1
feed,NNS,1
faster,NN,1
proactively,RB,1
fast-paced,JJ,1
problem-solving,NN,1
family,NNS,1
failure,NN,1
factor,NNS,1
fleet,NN,1
flock,NN,1
preference,NN,1
flow,NN,1
population,NN,1
portfolio,NN,1
form,NNS,1
position:,NN,1
posse,NN,1
possible,JJ,1
post-academic,JJ,1
post-silicon,NN,1
poster,NN,1
posttraumatic,JJ,1
foresight,NN,1
potentially,RB,1
forecast,NN,1
power,NNS,1
powerful,JJ,1
for:,NN,1
followed,VBD,1
focusing,VBG,1
pre-silicon,NN,1
precede,NN,1
precedent,NN,1
predict,NN,1
predicting,VBG,1
fluid,NNS,1
fluent,NN,1
facet,NNS,1
facebook’s,NN,1
extensible,JJ,1
espp,NN,1
equivalence,NN,1
epidemiologic,NN,1
publication,NN,1
envelope,NN,1
publish,NN,1
publishing,NN,1
purchase,NN,1
purpose,NN,1
purpose,NNS,1
pushing,VBG,1
pyplot,NN,1
enthusiastic,JJ,1
entertainment,NN,1
enterprise,NNS,1
qlik,NN,1
qualcomm,NN,1
qualified,VBN,1
qualitative,NN,1
enrichment,NN,1
quantifind's,NN,1
quantifying,VBG,1
quantity,NNS,1
quarterly,RB,1
enhanced,VBN,1
engineeringcomputer,NN,1
es5,NN,1
essential,JJ,1
explores,NNS,1
establishing,VBG,1
productive,JJ,1
productized,VBN,1
productizing,VBG,1
product’s,NN,1
explainable,JJ,1
expertmaster,NN,1
proficiency,NN,1
proficient,NN,1
proficiently,RB,1
profiling,VBG,1
exercising,VBG,1
executive,NNS,1
executing,VBG,1
programmer,NN,1
executes,NNS,1
excellence,NN,1
example,NN,1
evolving,VBG,1
evolve,NN,1
evidence-based,JJ,1
proposed,VBN,1
evidence,NN,1
evangelizing,VBG,1
estimation,NN,1
protocol,NNS,1
•,NN,1
